,TransactionAmount,CustomerAge,TransactionDuration,LoginAttempts,AccountBalance,TPC,TTAPC,MTAPC,ATAPC,DTV,ZscoreForTPC,ZscoreForTTAPC,ZscoreForMTAPC,ZscoreForATAPC,ZscoreForDTV
count,2512.0,2512.0,2512.0,2512.0,2512.0,2512.0,2512.0,2512.0,2512.0,2512.0,2512.0,2512.0,2512.0,2512.0,2512.0
mean,297.5937778662421,44.673964968152866,119.64331210191082,1.1246019108280254,5114.302965764331,6.109872611464968,1826.6629179936306,720.9085589171975,297.5937778662421,1.0294585987261147,1.7537280898537506e-16,5.657187386625002e-18,-2.1497312069175006e-16,-3.1397389995768756e-16,-1.0182937295925003e-16
std,291.9462433824226,17.79219819836647,69.963756924654,0.6026622213569613,3900.942498731102,2.2542207996278845,984.823652474716,352.21248016726605,124.6253568128401,0.16912177832476394,1.0001991040338294,1.0001991040338296,1.0001991040338296,1.0001991040338296,1.0001991040338294
min,0.26,18.0,10.0,1.0,101.25,1.0,7.08,7.08,7.08,1.0,-2.2672535044295334,-1.847990957283812,-2.027102176287664,-2.331560990173718,-0.17422040108501877
25%,81.885,27.0,63.0,1.0,1504.3700000000001,5.0,1059.635,446.39,208.2,1.0,-0.4924511351160437,-0.7790030574695802,-0.7795669720142908,-0.7174428929603073,-0.17422040108501877
50%,211.14,45.0,112.5,1.0,4735.51,6.0,1678.2600000000002,675.37,286.66333333333336,1.0,-0.04875054278767131,-0.15071984231922758,-0.1293186028114112,-0.08772388788362846,-0.17422040108501877
75%,414.52750000000003,59.0,161.0,1.0,7678.82,8.0,2487.14,889.01,365.25,1.0,0.8386506418690736,0.6707887082094721,0.4773678396573773,0.5429849469728977,-0.17422040108501877
max,1919.11,80.0,300.0,5.0,14977.99,12.0,5570.34,1919.11,907.92,2.0,2.613453011182563,3.8021248309842814,3.4026051753019146,4.898262730459382,5.739855916828047
